"date","geoRegion","sex","entries","type_variant","pop","sumTotal","per100Persons","per100Persons_mean7d","per100PersonsTotal","mean7d","type","version","granularity","freq","prct"
202052,"AI","male",9,"sex",8303,9,0.11,NA,0.11,NA,"COVID19VaccDosesAdministered","2021-03-16_11-15-36","detailed",0.205,20.5
202053,"AI","male",0,"sex",8303,9,0,NA,0.11,NA,"COVID19VaccDosesAdministered","2021-03-16_11-15-36","detailed",NA,NA
202101,"AI","male",180,"sex",8303,189,2.17,NA,2.28,NA,"COVID19VaccDosesAdministered","2021-03-16_11-15-36","detailed",0.511,51.1
202102,"AI","male",94,"sex",8303,283,1.13,1.19,3.41,98.71,"COVID19VaccDosesAdministered","2021-03-16_11-15-36","detailed",0.485,48.5
202103,"AI","male",177,"sex",8303,460,2.13,1.41,5.54,117.14,"COVID19VaccDosesAdministered","2021-03-16_11-15-36","detailed",0.494,49.4
202104,"AI","male",68,"sex",8303,528,0.82,1.75,6.36,145.14,"COVID19VaccDosesAdministered","2021-03-16_11-15-36","detailed",0.391,39.1
202105,"AI","male",163,"sex",8303,691,1.96,1.53,8.32,126.86,"COVID19VaccDosesAdministered","2021-03-16_11-15-36","detailed",0.509,50.9
202106,"AI","male",138,"sex",8303,829,1.66,1.43,9.98,118.43,"COVID19VaccDosesAdministered","2021-03-16_11-15-36","detailed",0.471,47.1
202107,"AI","male",196,"sex",8303,1025,2.36,1.2,12.34,100,"COVID19VaccDosesAdministered","2021-03-16_11-15-36","detailed",0.489,48.9
202108,"AI","male",52,"sex",8303,1077,0.63,NA,12.97,NA,"COVID19VaccDosesAdministered","2021-03-16_11-15-36","detailed",0.486,48.6
202109,"AI","male",35,"sex",8303,1112,0.42,NA,13.39,NA,"COVID19VaccDosesAdministered","2021-03-16_11-15-36","detailed",0.467,46.7
202110,"AI","male",48,"sex",8303,1160,0.58,NA,13.97,NA,"COVID19VaccDosesAdministered","2021-03-16_11-15-36","detailed",0.457,45.7
202052,"AI","female",35,"sex",7825,35,0.45,NA,0.45,NA,"COVID19VaccDosesAdministered","2021-03-16_11-15-36","detailed",0.795,79.5
202053,"AI","female",0,"sex",7825,35,0,NA,0.45,NA,"COVID19VaccDosesAdministered","2021-03-16_11-15-36","detailed",NA,NA
202101,"AI","female",172,"sex",7825,207,2.2,NA,2.65,NA,"COVID19VaccDosesAdministered","2021-03-16_11-15-36","detailed",0.489,48.9
202102,"AI","female",99,"sex",7825,306,1.27,1.37,3.91,107.14,"COVID19VaccDosesAdministered","2021-03-16_11-15-36","detailed",0.51,51
202103,"AI","female",181,"sex",7825,487,2.31,1.59,6.22,124.29,"COVID19VaccDosesAdministered","2021-03-16_11-15-36","detailed",0.506,50.6
202104,"AI","female",106,"sex",7825,593,1.35,1.96,7.58,153.57,"COVID19VaccDosesAdministered","2021-03-16_11-15-36","detailed",0.609,60.9
202105,"AI","female",157,"sex",7825,750,2.01,1.75,9.58,136.86,"COVID19VaccDosesAdministered","2021-03-16_11-15-36","detailed",0.491,49.1
202106,"AI","female",155,"sex",7825,905,1.98,1.64,11.57,128.43,"COVID19VaccDosesAdministered","2021-03-16_11-15-36","detailed",0.529,52.9
202107,"AI","female",205,"sex",7825,1110,2.62,1.41,14.19,110.71,"COVID19VaccDosesAdministered","2021-03-16_11-15-36","detailed",0.511,51.1
202108,"AI","female",55,"sex",7825,1165,0.7,NA,14.89,NA,"COVID19VaccDosesAdministered","2021-03-16_11-15-36","detailed",0.514,51.4
202109,"AI","female",40,"sex",7825,1205,0.51,NA,15.4,NA,"COVID19VaccDosesAdministered","2021-03-16_11-15-36","detailed",0.533,53.3
202110,"AI","female",57,"sex",7825,1262,0.73,NA,16.13,NA,"COVID19VaccDosesAdministered","2021-03-16_11-15-36","detailed",0.543,54.3
202052,"AI","unknown",0,"sex",NA,0,NA,NA,NA,NA,"COVID19VaccDosesAdministered","2021-03-16_11-15-36","detailed",0,0
202053,"AI","unknown",0,"sex",NA,0,NA,NA,NA,NA,"COVID19VaccDosesAdministered","2021-03-16_11-15-36","detailed",NA,NA
202101,"AI","unknown",0,"sex",NA,0,NA,NA,NA,NA,"COVID19VaccDosesAdministered","2021-03-16_11-15-36","detailed",0,0
202102,"AI","unknown",1,"sex",NA,1,NA,NA,NA,0.14,"COVID19VaccDosesAdministered","2021-03-16_11-15-36","detailed",0.005,0.5
202103,"AI","unknown",0,"sex",NA,1,NA,NA,NA,0.14,"COVID19VaccDosesAdministered","2021-03-16_11-15-36","detailed",0,0
202104,"AI","unknown",0,"sex",NA,1,NA,NA,NA,0.14,"COVID19VaccDosesAdministered","2021-03-16_11-15-36","detailed",0,0
202105,"AI","unknown",0,"sex",NA,1,NA,NA,NA,0.14,"COVID19VaccDosesAdministered","2021-03-16_11-15-36","detailed",0,0
202106,"AI","unknown",0,"sex",NA,1,NA,NA,NA,0,"COVID19VaccDosesAdministered","2021-03-16_11-15-36","detailed",0,0
202107,"AI","unknown",0,"sex",NA,1,NA,NA,NA,0,"COVID19VaccDosesAdministered","2021-03-16_11-15-36","detailed",0,0
202108,"AI","unknown",0,"sex",NA,1,NA,NA,NA,NA,"COVID19VaccDosesAdministered","2021-03-16_11-15-36","detailed",0,0
202109,"AI","unknown",0,"sex",NA,1,NA,NA,NA,NA,"COVID19VaccDosesAdministered","2021-03-16_11-15-36","detailed",0,0
202110,"AI","unknown",0,"sex",NA,1,NA,NA,NA,NA,"COVID19VaccDosesAdministered","2021-03-16_11-15-36","detailed",0,0
202052,"AR","male",0,"sex",27938,0,0,NA,0,NA,"COVID19VaccDosesAdministered","2021-03-16_11-15-36","detailed",NA,NA
202053,"AR","male",2,"sex",27938,2,0.01,NA,0.01,NA,"COVID19VaccDosesAdministered","2021-03-16_11-15-36","detailed",1,100
202101,"AR","male",225,"sex",27938,227,0.81,NA,0.81,NA,"COVID19VaccDosesAdministered","2021-03-16_11-15-36","detailed",0.324,32.4
202102,"AR","male",0,"sex",27938,227,0,0.83,0.81,230.43,"COVID19VaccDosesAdministered","2021-03-16_11-15-36","detailed",NA,NA
202103,"AR","male",666,"sex",27938,893,2.38,0.86,3.2,240.43,"COVID19VaccDosesAdministered","2021-03-16_11-15-36","detailed",0.487,48.7
202104,"AR","male",720,"sex",27938,1613,2.58,1.21,5.77,337,"COVID19VaccDosesAdministered","2021-03-16_11-15-36","detailed",0.441,44.1
202105,"AR","male",0,"sex",27938,1613,0,1.31,5.77,366.57,"COVID19VaccDosesAdministered","2021-03-16_11-15-36","detailed",NA,NA
202106,"AR","male",70,"sex",27938,1683,0.25,1.47,6.02,409.29,"COVID19VaccDosesAdministered","2021-03-16_11-15-36","detailed",0.286,28.6
202107,"AR","male",678,"sex",27938,2361,2.43,1.23,8.45,342,"COVID19VaccDosesAdministered","2021-03-16_11-15-36","detailed",0.514,51.4
202108,"AR","male",432,"sex",27938,2793,1.55,NA,10,NA,"COVID19VaccDosesAdministered","2021-03-16_11-15-36","detailed",0.541,54.1
202109,"AR","male",299,"sex",27938,3092,1.07,NA,11.07,NA,"COVID19VaccDosesAdministered","2021-03-16_11-15-36","detailed",0.502,50.2
202110,"AR","male",195,"sex",27938,3287,0.7,NA,11.77,NA,"COVID19VaccDosesAdministered","2021-03-16_11-15-36","detailed",0.499,49.9
202052,"AR","female",0,"sex",27507,0,0,NA,0,NA,"COVID19VaccDosesAdministered","2021-03-16_11-15-36","detailed",NA,NA
202053,"AR","female",0,"sex",27507,0,0,NA,0,NA,"COVID19VaccDosesAdministered","2021-03-16_11-15-36","detailed",0,0
202101,"AR","female",469,"sex",27507,469,1.71,NA,1.71,NA,"COVID19VaccDosesAdministered","2021-03-16_11-15-36","detailed",0.675,67.5
202102,"AR","female",0,"sex",27507,469,0,1.08,1.71,297.43,"COVID19VaccDosesAdministered","2021-03-16_11-15-36","detailed",NA,NA
202103,"AR","female",702,"sex",27507,1171,2.55,1.17,4.26,322.43,"COVID19VaccDosesAdministered","2021-03-16_11-15-36","detailed",0.513,51.3
202104,"AR","female",911,"sex",27507,2082,3.31,1.51,7.57,413.86,"COVID19VaccDosesAdministered","2021-03-16_11-15-36","detailed",0.559,55.9
202105,"AR","female",0,"sex",27507,2082,0,1.45,7.57,399.29,"COVID19VaccDosesAdministered","2021-03-16_11-15-36","detailed",NA,NA
202106,"AR","female",175,"sex",27507,2257,0.64,1.61,8.21,441.71,"COVID19VaccDosesAdministered","2021-03-16_11-15-36","detailed",0.714,71.4
202107,"AR","female",640,"sex",27507,2897,2.33,1.34,10.53,369.43,"COVID19VaccDosesAdministered","2021-03-16_11-15-36","detailed",0.486,48.6
202108,"AR","female",367,"sex",27507,3264,1.33,NA,11.87,NA,"COVID19VaccDosesAdministered","2021-03-16_11-15-36","detailed",0.459,45.9
202109,"AR","female",297,"sex",27507,3561,1.08,NA,12.95,NA,"COVID19VaccDosesAdministered","2021-03-16_11-15-36","detailed",0.498,49.8
202110,"AR","female",196,"sex",27507,3757,0.71,NA,13.66,NA,"COVID19VaccDosesAdministered","2021-03-16_11-15-36","detailed",0.501,50.1
202052,"AR","unknown",0,"sex",NA,0,NA,NA,NA,NA,"COVID19VaccDosesAdministered","2021-03-16_11-15-36","detailed",NA,NA
202053,"AR","unknown",0,"sex",NA,0,NA,NA,NA,NA,"COVID19VaccDosesAdministered","2021-03-16_11-15-36","detailed",0,0
202101,"AR","unknown",1,"sex",NA,1,NA,NA,NA,NA,"COVID19VaccDosesAdministered","2021-03-16_11-15-36","detailed",0.001,0.1
202102,"AR","unknown",0,"sex",NA,1,NA,NA,NA,0.14,"COVID19VaccDosesAdministered","2021-03-16_11-15-36","detailed",NA,NA
202103,"AR","unknown",0,"sex",NA,1,NA,NA,NA,0.14,"COVID19VaccDosesAdministered","2021-03-16_11-15-36","detailed",0,0
202104,"AR","unknown",0,"sex",NA,1,NA,NA,NA,0.14,"COVID19VaccDosesAdministered","2021-03-16_11-15-36","detailed",0,0
202105,"AR","unknown",0,"sex",NA,1,NA,NA,NA,0,"COVID19VaccDosesAdministered","2021-03-16_11-15-36","detailed",NA,NA
202106,"AR","unknown",0,"sex",NA,1,NA,NA,NA,0,"COVID19VaccDosesAdministered","2021-03-16_11-15-36","detailed",0,0
202107,"AR","unknown",0,"sex",NA,1,NA,NA,NA,0,"COVID19VaccDosesAdministered","2021-03-16_11-15-36","detailed",0,0
202108,"AR","unknown",0,"sex",NA,1,NA,NA,NA,NA,"COVID19VaccDosesAdministered","2021-03-16_11-15-36","detailed",0,0
202109,"AR","unknown",0,"sex",NA,1,NA,NA,NA,NA,"COVID19VaccDosesAdministered","2021-03-16_11-15-36","detailed",0,0
202110,"AR","unknown",0,"sex",NA,1,NA,NA,NA,NA,"COVID19VaccDosesAdministered","2021-03-16_11-15-36","detailed",0,0
202052,"BE","male",0,"sex",510170,0,0,NA,0,NA,"COVID19VaccDosesAdministered","2021-03-16_11-15-36","detailed",NA,NA
202053,"BE","male",0,"sex",510170,0,0,NA,0,NA,"COVID19VaccDosesAdministered","2021-03-16_11-15-36","detailed",NA,NA
202101,"BE","male",0,"sex",510170,0,0,NA,0,NA,"COVID19VaccDosesAdministered","2021-03-16_11-15-36","detailed",NA,NA
202102,"BE","male",1933,"sex",510170,1933,0.38,0.44,0.38,2267.86,"COVID19VaccDosesAdministered","2021-03-16_11-15-36","detailed",0.437,43.7
202103,"BE","male",4241,"sex",510170,6174,0.83,0.62,1.21,3160.14,"COVID19VaccDosesAdministered","2021-03-16_11-15-36","detailed",0.426,42.6
202104,"BE","male",4709,"sex",510170,10883,0.92,0.84,2.13,4280.71,"COVID19VaccDosesAdministered","2021-03-16_11-15-36","detailed",0.457,45.7
202105,"BE","male",4992,"sex",510170,15875,0.98,1.02,3.11,5217.57,"COVID19VaccDosesAdministered","2021-03-16_11-15-36","detailed",0.453,45.3
202106,"BE","male",6246,"sex",510170,22121,1.22,1.16,4.34,5930.43,"COVID19VaccDosesAdministered","2021-03-16_11-15-36","detailed",0.404,40.4
202107,"BE","male",7844,"sex",510170,29965,1.54,1.3,5.87,6645.71,"COVID19VaccDosesAdministered","2021-03-16_11-15-36","detailed",0.377,37.7
202108,"BE","male",6558,"sex",510170,36523,1.29,NA,7.16,NA,"COVID19VaccDosesAdministered","2021-03-16_11-15-36","detailed",0.411,41.1
202109,"BE","male",6923,"sex",510170,43446,1.36,NA,8.52,NA,"COVID19VaccDosesAdministered","2021-03-16_11-15-36","detailed",0.43,43
202110,"BE","male",9248,"sex",510170,52694,1.81,NA,10.33,NA,"COVID19VaccDosesAdministered","2021-03-16_11-15-36","detailed",0.392,39.2
202052,"BE","female",0,"sex",529304,0,0,NA,0,NA,"COVID19VaccDosesAdministered","2021-03-16_11-15-36","detailed",NA,NA
202053,"BE","female",0,"sex",529304,0,0,NA,0,NA,"COVID19VaccDosesAdministered","2021-03-16_11-15-36","detailed",NA,NA
202101,"BE","female",0,"sex",529304,0,0,NA,0,NA,"COVID19VaccDosesAdministered","2021-03-16_11-15-36","detailed",NA,NA
202102,"BE","female",2484,"sex",529304,2484,0.47,0.53,0.47,2824.14,"COVID19VaccDosesAdministered","2021-03-16_11-15-36","detailed",0.562,56.2
202103,"BE","female",5699,"sex",529304,8183,1.08,0.78,1.55,4140.57,"COVID19VaccDosesAdministered","2021-03-16_11-15-36","detailed",0.573,57.3
202104,"BE","female",5576,"sex",529304,13759,1.05,1.13,2.6,5992,"COVID19VaccDosesAdministered","2021-03-16_11-15-36","detailed",0.542,54.2
202105,"BE","female",6010,"sex",529304,19769,1.14,1.39,3.73,7331.71,"COVID19VaccDosesAdministered","2021-03-16_11-15-36","detailed",0.546,54.6
202106,"BE","female",9215,"sex",529304,28984,1.74,1.57,5.48,8289.29,"COVID19VaccDosesAdministered","2021-03-16_11-15-36","detailed",0.596,59.6
202107,"BE","female",12960,"sex",529304,41944,2.45,1.8,7.92,9524,"COVID19VaccDosesAdministered","2021-03-16_11-15-36","detailed",0.623,62.3
202108,"BE","female",9378,"sex",529304,51322,1.77,NA,9.7,NA,"COVID19VaccDosesAdministered","2021-03-16_11-15-36","detailed",0.588,58.8
202109,"BE","female",9187,"sex",529304,60509,1.74,NA,11.43,NA,"COVID19VaccDosesAdministered","2021-03-16_11-15-36","detailed",0.57,57
202110,"BE","female",14342,"sex",529304,74851,2.71,NA,14.14,NA,"COVID19VaccDosesAdministered","2021-03-16_11-15-36","detailed",0.608,60.8
202052,"BE","unknown",0,"sex",NA,0,NA,NA,NA,NA,"COVID19VaccDosesAdministered","2021-03-16_11-15-36","detailed",NA,NA
202053,"BE","unknown",0,"sex",NA,0,NA,NA,NA,NA,"COVID19VaccDosesAdministered","2021-03-16_11-15-36","detailed",NA,NA
202101,"BE","unknown",0,"sex",NA,0,NA,NA,NA,NA,"COVID19VaccDosesAdministered","2021-03-16_11-15-36","detailed",NA,NA
202102,"BE","unknown",2,"sex",NA,2,NA,NA,NA,3.71,"COVID19VaccDosesAdministered","2021-03-16_11-15-36","detailed",0,0
202103,"BE","unknown",9,"sex",NA,11,NA,NA,NA,5,"COVID19VaccDosesAdministered","2021-03-16_11-15-36","detailed",0.001,0.1
202104,"BE","unknown",9,"sex",NA,20,NA,NA,NA,7,"COVID19VaccDosesAdministered","2021-03-16_11-15-36","detailed",0.001,0.1
202105,"BE","unknown",6,"sex",NA,26,NA,NA,NA,8.57,"COVID19VaccDosesAdministered","2021-03-16_11-15-36","detailed",0.001,0.1
202106,"BE","unknown",9,"sex",NA,35,NA,NA,NA,9.43,"COVID19VaccDosesAdministered","2021-03-16_11-15-36","detailed",0.001,0.1
202107,"BE","unknown",14,"sex",NA,49,NA,NA,NA,9.86,"COVID19VaccDosesAdministered","2021-03-16_11-15-36","detailed",0.001,0.1
202108,"BE","unknown",11,"sex",NA,60,NA,NA,NA,NA,"COVID19VaccDosesAdministered","2021-03-16_11-15-36","detailed",0.001,0.1
202109,"BE","unknown",8,"sex",NA,68,NA,NA,NA,NA,"COVID19VaccDosesAdministered","2021-03-16_11-15-36","detailed",0,0
202110,"BE","unknown",12,"sex",NA,80,NA,NA,NA,NA,"COVID19VaccDosesAdministered","2021-03-16_11-15-36","detailed",0.001,0.1
202052,"FL","male",0,"sex",19215,0,0,NA,0,NA,"COVID19VaccDosesAdministered","2021-03-16_11-15-36","detailed",NA,NA
202053,"FL","male",0,"sex",19215,0,0,NA,0,NA,"COVID19VaccDosesAdministered","2021-03-16_11-15-36","detailed",NA,NA
202101,"FL","male",5,"sex",19215,5,0.03,NA,0.03,NA,"COVID19VaccDosesAdministered","2021-03-16_11-15-36","detailed",0.833,83.3
202102,"FL","male",3,"sex",19215,8,0.02,0.18,0.04,34.57,"COVID19VaccDosesAdministered","2021-03-16_11-15-36","detailed",0.6,60
202103,"FL","male",94,"sex",19215,102,0.49,0.25,0.53,47.86,"COVID19VaccDosesAdministered","2021-03-16_11-15-36","detailed",0.283,28.3
202104,"FL","male",137,"sex",19215,239,0.71,0.44,1.24,84.57,"COVID19VaccDosesAdministered","2021-03-16_11-15-36","detailed",0.275,27.5
202105,"FL","male",3,"sex",19215,242,0.02,0.66,1.26,126.29,"COVID19VaccDosesAdministered","2021-03-16_11-15-36","detailed",0.6,60
202106,"FL","male",93,"sex",19215,335,0.48,0.83,1.74,160.29,"COVID19VaccDosesAdministered","2021-03-16_11-15-36","detailed",0.284,28.4
202107,"FL","male",257,"sex",19215,592,1.34,0.99,3.08,191.14,"COVID19VaccDosesAdministered","2021-03-16_11-15-36","detailed",0.401,40.1
202108,"FL","male",297,"sex",19215,889,1.55,NA,4.63,NA,"COVID19VaccDosesAdministered","2021-03-16_11-15-36","detailed",0.378,37.8
202109,"FL","male",241,"sex",19215,1130,1.25,NA,5.88,NA,"COVID19VaccDosesAdministered","2021-03-16_11-15-36","detailed",0.457,45.7
202110,"FL","male",310,"sex",19215,1440,1.61,NA,7.49,NA,"COVID19VaccDosesAdministered","2021-03-16_11-15-36","detailed",0.478,47.8
202052,"FL","female",0,"sex",19532,0,0,NA,0,NA,"COVID19VaccDosesAdministered","2021-03-16_11-15-36","detailed",NA,NA
202053,"FL","female",0,"sex",19532,0,0,NA,0,NA,"COVID19VaccDosesAdministered","2021-03-16_11-15-36","detailed",NA,NA
202101,"FL","female",1,"sex",19532,1,0.01,NA,0.01,NA,"COVID19VaccDosesAdministered","2021-03-16_11-15-36","detailed",0.167,16.7
202102,"FL","female",2,"sex",19532,3,0.01,0.44,0.02,86.29,"COVID19VaccDosesAdministered","2021-03-16_11-15-36","detailed",0.4,40
202103,"FL","female",238,"sex",19532,241,1.22,0.61,1.23,119.86,"COVID19VaccDosesAdministered","2021-03-16_11-15-36","detailed",0.717,71.7
202104,"FL","female",361,"sex",19532,602,1.85,0.9,3.08,174.71,"COVID19VaccDosesAdministered","2021-03-16_11-15-36","detailed",0.725,72.5
202105,"FL","female",2,"sex",19532,604,0.01,1.25,3.09,244.29,"COVID19VaccDosesAdministered","2021-03-16_11-15-36","detailed",0.4,40
202106,"FL","female",235,"sex",19532,839,1.2,1.46,4.3,284.86,"COVID19VaccDosesAdministered","2021-03-16_11-15-36","detailed",0.716,71.6
202107,"FL","female",384,"sex",19532,1223,1.97,1.53,6.26,299.29,"COVID19VaccDosesAdministered","2021-03-16_11-15-36","detailed",0.599,59.9
202108,"FL","female",488,"sex",19532,1711,2.5,NA,8.76,NA,"COVID19VaccDosesAdministered","2021-03-16_11-15-36","detailed",0.622,62.2
202109,"FL","female",286,"sex",19532,1997,1.46,NA,10.22,NA,"COVID19VaccDosesAdministered","2021-03-16_11-15-36","detailed",0.543,54.3
202110,"FL","female",339,"sex",19532,2336,1.74,NA,11.96,NA,"COVID19VaccDosesAdministered","2021-03-16_11-15-36","detailed",0.522,52.2
202052,"FL","unknown",0,"sex",NA,0,NA,NA,NA,NA,"COVID19VaccDosesAdministered","2021-03-16_11-15-36","detailed",NA,NA
202053,"FL","unknown",0,"sex",NA,0,NA,NA,NA,NA,"COVID19VaccDosesAdministered","2021-03-16_11-15-36","detailed",NA,NA
202101,"FL","unknown",0,"sex",NA,0,NA,NA,NA,NA,"COVID19VaccDosesAdministered","2021-03-16_11-15-36","detailed",0,0
202102,"FL","unknown",0,"sex",NA,0,NA,NA,NA,0,"COVID19VaccDosesAdministered","2021-03-16_11-15-36","detailed",0,0
202103,"FL","unknown",0,"sex",NA,0,NA,NA,NA,0,"COVID19VaccDosesAdministered","2021-03-16_11-15-36","detailed",0,0
202104,"FL","unknown",0,"sex",NA,0,NA,NA,NA,0,"COVID19VaccDosesAdministered","2021-03-16_11-15-36","detailed",0,0
202105,"FL","unknown",0,"sex",NA,0,NA,NA,NA,0,"COVID19VaccDosesAdministered","2021-03-16_11-15-36","detailed",0,0
202106,"FL","unknown",0,"sex",NA,0,NA,NA,NA,0,"COVID19VaccDosesAdministered","2021-03-16_11-15-36","detailed",0,0
202107,"FL","unknown",0,"sex",NA,0,NA,NA,NA,0,"COVID19VaccDosesAdministered","2021-03-16_11-15-36","detailed",0,0
202108,"FL","unknown",0,"sex",NA,0,NA,NA,NA,NA,"COVID19VaccDosesAdministered","2021-03-16_11-15-36","detailed",0,0
202109,"FL","unknown",0,"sex",NA,0,NA,NA,NA,NA,"COVID19VaccDosesAdministered","2021-03-16_11-15-36","detailed",0,0
202110,"FL","unknown",0,"sex",NA,0,NA,NA,NA,NA,"COVID19VaccDosesAdministered","2021-03-16_11-15-36","detailed",0,0
202052,"FR","male",0,"sex",161153,0,0,NA,0,NA,"COVID19VaccDosesAdministered","2021-03-16_11-15-36","detailed",NA,NA
202053,"FR","male",209,"sex",161153,209,0.13,NA,0.13,NA,"COVID19VaccDosesAdministered","2021-03-16_11-15-36","detailed",0.288,28.8
202101,"FR","male",137,"sex",161153,346,0.09,NA,0.21,NA,"COVID19VaccDosesAdministered","2021-03-16_11-15-36","detailed",0.258,25.8
202102,"FR","male",420,"sex",161153,766,0.26,0.52,0.48,832,"COVID19VaccDosesAdministered","2021-03-16_11-15-36","detailed",0.322,32.2
202103,"FR","male",1459,"sex",161153,2225,0.91,0.72,1.38,1164.57,"COVID19VaccDosesAdministered","2021-03-16_11-15-36","detailed",0.437,43.7
202104,"FR","male",1616,"sex",161153,3841,1,0.95,2.38,1528.71,"COVID19VaccDosesAdministered","2021-03-16_11-15-36","detailed",0.427,42.7
202105,"FR","male",1983,"sex",161153,5824,1.23,1.2,3.61,1928,"COVID19VaccDosesAdministered","2021-03-16_11-15-36","detailed",0.433,43.3
202106,"FR","male",2328,"sex",161153,8152,1.44,1.44,5.06,2316.71,"COVID19VaccDosesAdministered","2021-03-16_11-15-36","detailed",0.458,45.8
202107,"FR","male",2758,"sex",161153,10910,1.71,1.45,6.77,2331.57,"COVID19VaccDosesAdministered","2021-03-16_11-15-36","detailed",0.475,47.5
202108,"FR","male",2932,"sex",161153,13842,1.82,NA,8.59,NA,"COVID19VaccDosesAdministered","2021-03-16_11-15-36","detailed",0.497,49.7
202109,"FR","male",3141,"sex",161153,16983,1.95,NA,10.54,NA,"COVID19VaccDosesAdministered","2021-03-16_11-15-36","detailed",0.455,45.5
202110,"FR","male",1563,"sex",161153,18546,0.97,NA,11.51,NA,"COVID19VaccDosesAdministered","2021-03-16_11-15-36","detailed",0.481,48.1
202052,"FR","female",0,"sex",160630,0,0,NA,0,NA,"COVID19VaccDosesAdministered","2021-03-16_11-15-36","detailed",NA,NA
202053,"FR","female",516,"sex",160630,516,0.32,NA,0.32,NA,"COVID19VaccDosesAdministered","2021-03-16_11-15-36","detailed",0.712,71.2
202101,"FR","female",393,"sex",160630,909,0.24,NA,0.57,NA,"COVID19VaccDosesAdministered","2021-03-16_11-15-36","detailed",0.742,74.2
202102,"FR","female",886,"sex",160630,1795,0.55,0.75,1.12,1207,"COVID19VaccDosesAdministered","2021-03-16_11-15-36","detailed",0.678,67.8
202103,"FR","female",1883,"sex",160630,3678,1.17,0.99,2.29,1600.43,"COVID19VaccDosesAdministered","2021-03-16_11-15-36","detailed",0.563,56.3
202104,"FR","female",2170,"sex",160630,5848,1.35,1.22,3.64,1961.43,"COVID19VaccDosesAdministered","2021-03-16_11-15-36","detailed",0.573,57.3
202105,"FR","female",2601,"sex",160630,8449,1.62,1.45,5.26,2330,"COVID19VaccDosesAdministered","2021-03-16_11-15-36","detailed",0.567,56.7
202106,"FR","female",2754,"sex",160630,11203,1.71,1.7,6.97,2741.43,"COVID19VaccDosesAdministered","2021-03-16_11-15-36","detailed",0.542,54.2
202107,"FR","female",3043,"sex",160630,14246,1.89,1.69,8.87,2713.14,"COVID19VaccDosesAdministered","2021-03-16_11-15-36","detailed",0.525,52.5
202108,"FR","female",2973,"sex",160630,17219,1.85,NA,10.72,NA,"COVID19VaccDosesAdministered","2021-03-16_11-15-36","detailed",0.503,50.3
202109,"FR","female",3766,"sex",160630,20985,2.34,NA,13.06,NA,"COVID19VaccDosesAdministered","2021-03-16_11-15-36","detailed",0.545,54.5
202110,"FR","female",1685,"sex",160630,22670,1.05,NA,14.11,NA,"COVID19VaccDosesAdministered","2021-03-16_11-15-36","detailed",0.519,51.9
202052,"FR","unknown",0,"sex",NA,0,NA,NA,NA,NA,"COVID19VaccDosesAdministered","2021-03-16_11-15-36","detailed",NA,NA
202053,"FR","unknown",0,"sex",NA,0,NA,NA,NA,NA,"COVID19VaccDosesAdministered","2021-03-16_11-15-36","detailed",0,0
202101,"FR","unknown",0,"sex",NA,0,NA,NA,NA,NA,"COVID19VaccDosesAdministered","2021-03-16_11-15-36","detailed",0,0
202102,"FR","unknown",0,"sex",NA,0,NA,NA,NA,0,"COVID19VaccDosesAdministered","2021-03-16_11-15-36","detailed",0,0
202103,"FR","unknown",0,"sex",NA,0,NA,NA,NA,0,"COVID19VaccDosesAdministered","2021-03-16_11-15-36","detailed",0,0
202104,"FR","unknown",0,"sex",NA,0,NA,NA,NA,0,"COVID19VaccDosesAdministered","2021-03-16_11-15-36","detailed",0,0
202105,"FR","unknown",0,"sex",NA,0,NA,NA,NA,0,"COVID19VaccDosesAdministered","2021-03-16_11-15-36","detailed",0,0
202106,"FR","unknown",0,"sex",NA,0,NA,NA,NA,0,"COVID19VaccDosesAdministered","2021-03-16_11-15-36","detailed",0,0
202107,"FR","unknown",0,"sex",NA,0,NA,NA,NA,0,"COVID19VaccDosesAdministered","2021-03-16_11-15-36","detailed",0,0
202108,"FR","unknown",0,"sex",NA,0,NA,NA,NA,NA,"COVID19VaccDosesAdministered","2021-03-16_11-15-36","detailed",0,0
202109,"FR","unknown",0,"sex",NA,0,NA,NA,NA,NA,"COVID19VaccDosesAdministered","2021-03-16_11-15-36","detailed",0,0
202110,"FR","unknown",0,"sex",NA,0,NA,NA,NA,NA,"COVID19VaccDosesAdministered","2021-03-16_11-15-36","detailed",0,0
202052,"GE","male",0,"sex",244184,0,0,NA,0,NA,"COVID19VaccDosesAdministered","2021-03-16_11-15-36","detailed",NA,NA
202053,"GE","male",26,"sex",244184,26,0.01,NA,0.01,NA,"COVID19VaccDosesAdministered","2021-03-16_11-15-36","detailed",0.464,46.4
202101,"GE","male",1242,"sex",244184,1268,0.51,NA,0.52,NA,"COVID19VaccDosesAdministered","2021-03-16_11-15-36","detailed",0.485,48.5
202102,"GE","male",1982,"sex",244184,3250,0.81,0.62,1.33,1515.14,"COVID19VaccDosesAdministered","2021-03-16_11-15-36","detailed",0.44,44
202103,"GE","male",2042,"sex",244184,5292,0.84,0.83,2.17,2016.43,"COVID19VaccDosesAdministered","2021-03-16_11-15-36","detailed",0.433,43.3
202104,"GE","male",2718,"sex",244184,8010,1.11,1.03,3.28,2526.86,"COVID19VaccDosesAdministered","2021-03-16_11-15-36","detailed",0.468,46.8
202105,"GE","male",2596,"sex",244184,10606,1.06,1.22,4.34,2972.14,"COVID19VaccDosesAdministered","2021-03-16_11-15-36","detailed",0.474,47.4
202106,"GE","male",3509,"sex",244184,14115,1.44,1.39,5.78,3383.71,"COVID19VaccDosesAdministered","2021-03-16_11-15-36","detailed",0.416,41.6
202107,"GE","male",3599,"sex",244184,17714,1.47,1.5,7.25,3669.43,"COVID19VaccDosesAdministered","2021-03-16_11-15-36","detailed",0.418,41.8
202108,"GE","male",4359,"sex",244184,22073,1.79,NA,9.04,NA,"COVID19VaccDosesAdministered","2021-03-16_11-15-36","detailed",0.429,42.9
202109,"GE","male",4863,"sex",244184,26936,1.99,NA,11.03,NA,"COVID19VaccDosesAdministered","2021-03-16_11-15-36","detailed",0.458,45.8
202110,"GE","male",4042,"sex",244184,30978,1.66,NA,12.69,NA,"COVID19VaccDosesAdministered","2021-03-16_11-15-36","detailed",0.422,42.2
202052,"GE","female",0,"sex",259944,0,0,NA,0,NA,"COVID19VaccDosesAdministered","2021-03-16_11-15-36","detailed",NA,NA
202053,"GE","female",30,"sex",259944,30,0.01,NA,0.01,NA,"COVID19VaccDosesAdministered","2021-03-16_11-15-36","detailed",0.536,53.6
202101,"GE","female",1319,"sex",259944,1349,0.51,NA,0.52,NA,"COVID19VaccDosesAdministered","2021-03-16_11-15-36","detailed",0.515,51.5
202102,"GE","female",2518,"sex",259944,3867,0.97,0.69,1.49,1786.86,"COVID19VaccDosesAdministered","2021-03-16_11-15-36","detailed",0.56,56
202103,"GE","female",2675,"sex",259944,6542,1.03,0.96,2.52,2489.86,"COVID19VaccDosesAdministered","2021-03-16_11-15-36","detailed",0.567,56.7
202104,"GE","female",3084,"sex",259944,9626,1.19,1.23,3.7,3200.29,"COVID19VaccDosesAdministered","2021-03-16_11-15-36","detailed",0.532,53.2
202105,"GE","female",2882,"sex",259944,12508,1.11,1.48,4.81,3841,"COVID19VaccDosesAdministered","2021-03-16_11-15-36","detailed",0.526,52.6
202106,"GE","female",4921,"sex",259944,17429,1.89,1.65,6.7,4303.29,"COVID19VaccDosesAdministered","2021-03-16_11-15-36","detailed",0.584,58.4
202107,"GE","female",5003,"sex",259944,22432,1.92,1.81,8.63,4710.71,"COVID19VaccDosesAdministered","2021-03-16_11-15-36","detailed",0.582,58.2
202108,"GE","female",5804,"sex",259944,28236,2.23,NA,10.86,NA,"COVID19VaccDosesAdministered","2021-03-16_11-15-36","detailed",0.571,57.1
202109,"GE","female",5754,"sex",259944,33990,2.21,NA,13.08,NA,"COVID19VaccDosesAdministered","2021-03-16_11-15-36","detailed",0.542,54.2
202110,"GE","female",5527,"sex",259944,39517,2.13,NA,15.2,NA,"COVID19VaccDosesAdministered","2021-03-16_11-15-36","detailed",0.578,57.8
202052,"GE","unknown",0,"sex",NA,0,NA,NA,NA,NA,"COVID19VaccDosesAdministered","2021-03-16_11-15-36","detailed",NA,NA
202053,"GE","unknown",0,"sex",NA,0,NA,NA,NA,NA,"COVID19VaccDosesAdministered","2021-03-16_11-15-36","detailed",0,0
202101,"GE","unknown",0,"sex",NA,0,NA,NA,NA,NA,"COVID19VaccDosesAdministered","2021-03-16_11-15-36","detailed",0,0
202102,"GE","unknown",0,"sex",NA,0,NA,NA,NA,0,"COVID19VaccDosesAdministered","2021-03-16_11-15-36","detailed",0,0
202103,"GE","unknown",0,"sex",NA,0,NA,NA,NA,0,"COVID19VaccDosesAdministered","2021-03-16_11-15-36","detailed",0,0
202104,"GE","unknown",0,"sex",NA,0,NA,NA,NA,0,"COVID19VaccDosesAdministered","2021-03-16_11-15-36","detailed",0,0
202105,"GE","unknown",0,"sex",NA,0,NA,NA,NA,0,"COVID19VaccDosesAdministered","2021-03-16_11-15-36","detailed",0,0
202106,"GE","unknown",0,"sex",NA,0,NA,NA,NA,0,"COVID19VaccDosesAdministered","2021-03-16_11-15-36","detailed",0,0
202107,"GE","unknown",0,"sex",NA,0,NA,NA,NA,0,"COVID19VaccDosesAdministered","2021-03-16_11-15-36","detailed",0,0
202108,"GE","unknown",0,"sex",NA,0,NA,NA,NA,NA,"COVID19VaccDosesAdministered","2021-03-16_11-15-36","detailed",0,0
202109,"GE","unknown",0,"sex",NA,0,NA,NA,NA,NA,"COVID19VaccDosesAdministered","2021-03-16_11-15-36","detailed",0,0
202110,"GE","unknown",0,"sex",NA,0,NA,NA,NA,NA,"COVID19VaccDosesAdministered","2021-03-16_11-15-36","detailed",0,0
202052,"GR","male",0,"sex",99707,0,0,NA,0,NA,"COVID19VaccDosesAdministered","2021-03-16_11-15-36","detailed",NA,NA
202053,"GR","male",0,"sex",99707,0,0,NA,0,NA,"COVID19VaccDosesAdministered","2021-03-16_11-15-36","detailed",NA,NA
202101,"GR","male",213,"sex",99707,213,0.21,NA,0.21,NA,"COVID19VaccDosesAdministered","2021-03-16_11-15-36","detailed",0.333,33.3
202102,"GR","male",567,"sex",99707,780,0.57,0.49,0.78,493.29,"COVID19VaccDosesAdministered","2021-03-16_11-15-36","detailed",0.3,30
202103,"GR","male",579,"sex",99707,1359,0.58,0.7,1.36,695.71,"COVID19VaccDosesAdministered","2021-03-16_11-15-36","detailed",0.319,31.9
202104,"GR","male",1417,"sex",99707,2776,1.42,0.87,2.78,872.71,"COVID19VaccDosesAdministered","2021-03-16_11-15-36","detailed",0.462,46.2
202105,"GR","male",677,"sex",99707,3453,0.68,1.08,3.46,1074.43,"COVID19VaccDosesAdministered","2021-03-16_11-15-36","detailed",0.307,30.7
202106,"GR","male",1417,"sex",99707,4870,1.42,1.24,4.88,1235.57,"COVID19VaccDosesAdministered","2021-03-16_11-15-36","detailed",0.386,38.6
202107,"GR","male",1239,"sex",99707,6109,1.24,1.44,6.13,1439.29,"COVID19VaccDosesAdministered","2021-03-16_11-15-36","detailed",0.447,44.7
202108,"GR","male",1625,"sex",99707,7734,1.63,NA,7.76,NA,"COVID19VaccDosesAdministered","2021-03-16_11-15-36","detailed",0.477,47.7
202109,"GR","male",1695,"sex",99707,9429,1.7,NA,9.46,NA,"COVID19VaccDosesAdministered","2021-03-16_11-15-36","detailed",0.451,45.1
202110,"GR","male",2005,"sex",99707,11434,2.01,NA,11.47,NA,"COVID19VaccDosesAdministered","2021-03-16_11-15-36","detailed",0.45,45
202052,"GR","female",0,"sex",99314,0,0,NA,0,NA,"COVID19VaccDosesAdministered","2021-03-16_11-15-36","detailed",NA,NA
202053,"GR","female",0,"sex",99314,0,0,NA,0,NA,"COVID19VaccDosesAdministered","2021-03-16_11-15-36","detailed",NA,NA
202101,"GR","female",426,"sex",99314,426,0.43,NA,0.43,NA,"COVID19VaccDosesAdministered","2021-03-16_11-15-36","detailed",0.667,66.7
202102,"GR","female",1325,"sex",99314,1751,1.33,0.89,1.76,880.29,"COVID19VaccDosesAdministered","2021-03-16_11-15-36","detailed",0.7,70
202103,"GR","female",1234,"sex",99314,2985,1.24,1.21,3.01,1201.86,"COVID19VaccDosesAdministered","2021-03-16_11-15-36","detailed",0.681,68.1
202104,"GR","female",1649,"sex",99314,4634,1.66,1.43,4.67,1420.86,"COVID19VaccDosesAdministered","2021-03-16_11-15-36","detailed",0.538,53.8
202105,"GR","female",1528,"sex",99314,6162,1.54,1.62,6.2,1614.14,"COVID19VaccDosesAdministered","2021-03-16_11-15-36","detailed",0.693,69.3
202106,"GR","female",2251,"sex",99314,8413,2.27,1.73,8.47,1719.14,"COVID19VaccDosesAdministered","2021-03-16_11-15-36","detailed",0.614,61.4
202107,"GR","female",1533,"sex",99314,9946,1.54,1.91,10.01,1893.57,"COVID19VaccDosesAdministered","2021-03-16_11-15-36","detailed",0.553,55.3
202108,"GR","female",1779,"sex",99314,11725,1.79,NA,11.81,NA,"COVID19VaccDosesAdministered","2021-03-16_11-15-36","detailed",0.523,52.3
202109,"GR","female",2060,"sex",99314,13785,2.07,NA,13.88,NA,"COVID19VaccDosesAdministered","2021-03-16_11-15-36","detailed",0.549,54.9
202110,"GR","female",2455,"sex",99314,16240,2.47,NA,16.35,NA,"COVID19VaccDosesAdministered","2021-03-16_11-15-36","detailed",0.55,55
202052,"GR","unknown",0,"sex",NA,0,NA,NA,NA,NA,"COVID19VaccDosesAdministered","2021-03-16_11-15-36","detailed",NA,NA
202053,"GR","unknown",0,"sex",NA,0,NA,NA,NA,NA,"COVID19VaccDosesAdministered","2021-03-16_11-15-36","detailed",NA,NA
202101,"GR","unknown",0,"sex",NA,0,NA,NA,NA,NA,"COVID19VaccDosesAdministered","2021-03-16_11-15-36","detailed",0,0
202102,"GR","unknown",0,"sex",NA,0,NA,NA,NA,0,"COVID19VaccDosesAdministered","2021-03-16_11-15-36","detailed",0,0
202103,"GR","unknown",0,"sex",NA,0,NA,NA,NA,0,"COVID19VaccDosesAdministered","2021-03-16_11-15-36","detailed",0,0
202104,"GR","unknown",0,"sex",NA,0,NA,NA,NA,0,"COVID19VaccDosesAdministered","2021-03-16_11-15-36","detailed",0,0
202105,"GR","unknown",0,"sex",NA,0,NA,NA,NA,0,"COVID19VaccDosesAdministered","2021-03-16_11-15-36","detailed",0,0
202106,"GR","unknown",0,"sex",NA,0,NA,NA,NA,0,"COVID19VaccDosesAdministered","2021-03-16_11-15-36","detailed",0,0
202107,"GR","unknown",0,"sex",NA,0,NA,NA,NA,0,"COVID19VaccDosesAdministered","2021-03-16_11-15-36","detailed",0,0
202108,"GR","unknown",0,"sex",NA,0,NA,NA,NA,NA,"COVID19VaccDosesAdministered","2021-03-16_11-15-36","detailed",0,0
202109,"GR","unknown",0,"sex",NA,0,NA,NA,NA,NA,"COVID19VaccDosesAdministered","2021-03-16_11-15-36","detailed",0,0
202110,"GR","unknown",0,"sex",NA,0,NA,NA,NA,NA,"COVID19VaccDosesAdministered","2021-03-16_11-15-36","detailed",0,0
202052,"SH","male",0,"sex",40768,0,0,NA,0,NA,"COVID19VaccDosesAdministered","2021-03-16_11-15-36","detailed",NA,NA
202053,"SH","male",56,"sex",40768,56,0.14,NA,0.14,NA,"COVID19VaccDosesAdministered","2021-03-16_11-15-36","detailed",0.5,50
202101,"SH","male",375,"sex",40768,431,0.92,NA,1.06,NA,"COVID19VaccDosesAdministered","2021-03-16_11-15-36","detailed",0.286,28.6
202102,"SH","male",342,"sex",40768,773,0.84,0.88,1.9,357.86,"COVID19VaccDosesAdministered","2021-03-16_11-15-36","detailed",0.329,32.9
202103,"SH","male",649,"sex",40768,1422,1.59,1.03,3.49,421.14,"COVID19VaccDosesAdministered","2021-03-16_11-15-36","detailed",0.425,42.5
202104,"SH","male",728,"sex",40768,2150,1.79,1.25,5.27,509.57,"COVID19VaccDosesAdministered","2021-03-16_11-15-36","detailed",0.423,42.3
202105,"SH","male",355,"sex",40768,2505,0.87,1.28,6.14,520,"COVID19VaccDosesAdministered","2021-03-16_11-15-36","detailed",0.471,47.1
202106,"SH","male",443,"sex",40768,2948,1.09,1.52,7.23,617.43,"COVID19VaccDosesAdministered","2021-03-16_11-15-36","detailed",0.353,35.3
202107,"SH","male",675,"sex",40768,3623,1.66,1.39,8.89,566.86,"COVID19VaccDosesAdministered","2021-03-16_11-15-36","detailed",0.365,36.5
202108,"SH","male",448,"sex",40768,4071,1.1,NA,9.99,NA,"COVID19VaccDosesAdministered","2021-03-16_11-15-36","detailed",0.494,49.4
202109,"SH","male",1024,"sex",40768,5095,2.51,NA,12.5,NA,"COVID19VaccDosesAdministered","2021-03-16_11-15-36","detailed",0.457,45.7
202110,"SH","male",295,"sex",40768,5390,0.72,NA,13.22,NA,"COVID19VaccDosesAdministered","2021-03-16_11-15-36","detailed",0.394,39.4
202052,"SH","female",0,"sex",41580,0,0,NA,0,NA,"COVID19VaccDosesAdministered","2021-03-16_11-15-36","detailed",NA,NA
202053,"SH","female",55,"sex",41580,55,0.13,NA,0.13,NA,"COVID19VaccDosesAdministered","2021-03-16_11-15-36","detailed",0.491,49.1
202101,"SH","female",920,"sex",41580,975,2.21,NA,2.34,NA,"COVID19VaccDosesAdministered","2021-03-16_11-15-36","detailed",0.703,70.3
202102,"SH","female",671,"sex",41580,1646,1.61,1.34,3.96,559.71,"COVID19VaccDosesAdministered","2021-03-16_11-15-36","detailed",0.645,64.5
202103,"SH","female",878,"sex",41580,2524,2.11,1.62,6.07,675.86,"COVID19VaccDosesAdministered","2021-03-16_11-15-36","detailed",0.575,57.5
202104,"SH","female",995,"sex",41580,3519,2.39,2.01,8.46,835.57,"COVID19VaccDosesAdministered","2021-03-16_11-15-36","detailed",0.577,57.7
202105,"SH","female",399,"sex",41580,3918,0.96,1.85,9.42,769.57,"COVID19VaccDosesAdministered","2021-03-16_11-15-36","detailed",0.529,52.9
202106,"SH","female",813,"sex",41580,4731,1.96,2.04,11.38,847.71,"COVID19VaccDosesAdministered","2021-03-16_11-15-36","detailed",0.647,64.7
202107,"SH","female",1173,"sex",41580,5904,2.82,1.89,14.2,787,"COVID19VaccDosesAdministered","2021-03-16_11-15-36","detailed",0.635,63.5
202108,"SH","female",458,"sex",41580,6362,1.1,NA,15.3,NA,"COVID19VaccDosesAdministered","2021-03-16_11-15-36","detailed",0.506,50.6
202109,"SH","female",1218,"sex",41580,7580,2.93,NA,18.23,NA,"COVID19VaccDosesAdministered","2021-03-16_11-15-36","detailed",0.543,54.3
202110,"SH","female",453,"sex",41580,8033,1.09,NA,19.32,NA,"COVID19VaccDosesAdministered","2021-03-16_11-15-36","detailed",0.606,60.6
202052,"SH","unknown",0,"sex",NA,0,NA,NA,NA,NA,"COVID19VaccDosesAdministered","2021-03-16_11-15-36","detailed",NA,NA
202053,"SH","unknown",1,"sex",NA,1,NA,NA,NA,NA,"COVID19VaccDosesAdministered","2021-03-16_11-15-36","detailed",0.009,0.9
202101,"SH","unknown",14,"sex",NA,15,NA,NA,NA,NA,"COVID19VaccDosesAdministered","2021-03-16_11-15-36","detailed",0.011,1.1
202102,"SH","unknown",27,"sex",NA,42,NA,NA,NA,6,"COVID19VaccDosesAdministered","2021-03-16_11-15-36","detailed",0.026,2.6
202103,"SH","unknown",0,"sex",NA,42,NA,NA,NA,6,"COVID19VaccDosesAdministered","2021-03-16_11-15-36","detailed",0,0
202104,"SH","unknown",0,"sex",NA,42,NA,NA,NA,5.86,"COVID19VaccDosesAdministered","2021-03-16_11-15-36","detailed",0,0
202105,"SH","unknown",0,"sex",NA,42,NA,NA,NA,3.86,"COVID19VaccDosesAdministered","2021-03-16_11-15-36","detailed",0,0
202106,"SH","unknown",0,"sex",NA,42,NA,NA,NA,0,"COVID19VaccDosesAdministered","2021-03-16_11-15-36","detailed",0,0
202107,"SH","unknown",0,"sex",NA,42,NA,NA,NA,0,"COVID19VaccDosesAdministered","2021-03-16_11-15-36","detailed",0,0
202108,"SH","unknown",0,"sex",NA,42,NA,NA,NA,NA,"COVID19VaccDosesAdministered","2021-03-16_11-15-36","detailed",0,0
202109,"SH","unknown",0,"sex",NA,42,NA,NA,NA,NA,"COVID19VaccDosesAdministered","2021-03-16_11-15-36","detailed",0,0
202110,"SH","unknown",0,"sex",NA,42,NA,NA,NA,NA,"COVID19VaccDosesAdministered","2021-03-16_11-15-36","detailed",0,0
202052,"SO","male",0,"sex",137659,0,0,NA,0,NA,"COVID19VaccDosesAdministered","2021-03-16_11-15-36","detailed",NA,NA
202053,"SO","male",26,"sex",137659,26,0.02,NA,0.02,NA,"COVID19VaccDosesAdministered","2021-03-16_11-15-36","detailed",0.2,20
202101,"SO","male",1345,"sex",137659,1371,0.98,NA,1,NA,"COVID19VaccDosesAdministered","2021-03-16_11-15-36","detailed",0.39,39
202102,"SO","male",1553,"sex",137659,2924,1.13,0.82,2.12,1121.43,"COVID19VaccDosesAdministered","2021-03-16_11-15-36","detailed",0.388,38.8
202103,"SO","male",1908,"sex",137659,4832,1.39,0.99,3.51,1367.71,"COVID19VaccDosesAdministered","2021-03-16_11-15-36","detailed",0.48,48
202104,"SO","male",1515,"sex",137659,6347,1.1,1.26,4.61,1731.43,"COVID19VaccDosesAdministered","2021-03-16_11-15-36","detailed",0.471,47.1
202105,"SO","male",1503,"sex",137659,7850,1.09,1.28,5.7,1765.14,"COVID19VaccDosesAdministered","2021-03-16_11-15-36","detailed",0.401,40.1
202106,"SO","male",1724,"sex",137659,9574,1.25,1.29,6.95,1782.14,"COVID19VaccDosesAdministered","2021-03-16_11-15-36","detailed",0.503,50.3
202107,"SO","male",2572,"sex",137659,12146,1.87,1.28,8.82,1764.57,"COVID19VaccDosesAdministered","2021-03-16_11-15-36","detailed",0.453,45.3
202108,"SO","male",1581,"sex",137659,13727,1.15,NA,9.97,NA,"COVID19VaccDosesAdministered","2021-03-16_11-15-36","detailed",0.448,44.8
202109,"SO","male",1672,"sex",137659,15399,1.21,NA,11.19,NA,"COVID19VaccDosesAdministered","2021-03-16_11-15-36","detailed",0.425,42.5
202110,"SO","male",1785,"sex",137659,17184,1.3,NA,12.48,NA,"COVID19VaccDosesAdministered","2021-03-16_11-15-36","detailed",0.464,46.4
202052,"SO","female",0,"sex",137588,0,0,NA,0,NA,"COVID19VaccDosesAdministered","2021-03-16_11-15-36","detailed",NA,NA
202053,"SO","female",104,"sex",137588,104,0.08,NA,0.08,NA,"COVID19VaccDosesAdministered","2021-03-16_11-15-36","detailed",0.8,80
202101,"SO","female",2103,"sex",137588,2207,1.53,NA,1.6,NA,"COVID19VaccDosesAdministered","2021-03-16_11-15-36","detailed",0.61,61
202102,"SO","female",2446,"sex",137588,4653,1.78,1.11,3.38,1524.29,"COVID19VaccDosesAdministered","2021-03-16_11-15-36","detailed",0.612,61.2
202103,"SO","female",2071,"sex",137588,6724,1.51,1.29,4.89,1767.29,"COVID19VaccDosesAdministered","2021-03-16_11-15-36","detailed",0.52,52
202104,"SO","female",1701,"sex",137588,8425,1.24,1.6,6.12,2196.29,"COVID19VaccDosesAdministered","2021-03-16_11-15-36","detailed",0.529,52.9
202105,"SO","female",2245,"sex",137588,10670,1.63,1.58,7.76,2173.71,"COVID19VaccDosesAdministered","2021-03-16_11-15-36","detailed",0.599,59.9
202106,"SO","female",1701,"sex",137588,12371,1.24,1.56,8.99,2147.29,"COVID19VaccDosesAdministered","2021-03-16_11-15-36","detailed",0.497,49.7
202107,"SO","female",3107,"sex",137588,15478,2.26,1.56,11.25,2146,"COVID19VaccDosesAdministered","2021-03-16_11-15-36","detailed",0.547,54.7
202108,"SO","female",1945,"sex",137588,17423,1.41,NA,12.66,NA,"COVID19VaccDosesAdministered","2021-03-16_11-15-36","detailed",0.552,55.2
202109,"SO","female",2261,"sex",137588,19684,1.64,NA,14.31,NA,"COVID19VaccDosesAdministered","2021-03-16_11-15-36","detailed",0.575,57.5
202110,"SO","female",2062,"sex",137588,21746,1.5,NA,15.81,NA,"COVID19VaccDosesAdministered","2021-03-16_11-15-36","detailed",0.536,53.6
202052,"SO","unknown",0,"sex",NA,0,NA,NA,NA,NA,"COVID19VaccDosesAdministered","2021-03-16_11-15-36","detailed",NA,NA
202053,"SO","unknown",0,"sex",NA,0,NA,NA,NA,NA,"COVID19VaccDosesAdministered","2021-03-16_11-15-36","detailed",0,0
202101,"SO","unknown",1,"sex",NA,1,NA,NA,NA,NA,"COVID19VaccDosesAdministered","2021-03-16_11-15-36","detailed",0,0
202102,"SO","unknown",0,"sex",NA,1,NA,NA,NA,0.14,"COVID19VaccDosesAdministered","2021-03-16_11-15-36","detailed",0,0
202103,"SO","unknown",0,"sex",NA,1,NA,NA,NA,0.14,"COVID19VaccDosesAdministered","2021-03-16_11-15-36","detailed",0,0
202104,"SO","unknown",0,"sex",NA,1,NA,NA,NA,0.14,"COVID19VaccDosesAdministered","2021-03-16_11-15-36","detailed",0,0
202105,"SO","unknown",0,"sex",NA,1,NA,NA,NA,0,"COVID19VaccDosesAdministered","2021-03-16_11-15-36","detailed",0,0
202106,"SO","unknown",0,"sex",NA,1,NA,NA,NA,0,"COVID19VaccDosesAdministered","2021-03-16_11-15-36","detailed",0,0
202107,"SO","unknown",0,"sex",NA,1,NA,NA,NA,0,"COVID19VaccDosesAdministered","2021-03-16_11-15-36","detailed",0,0
202108,"SO","unknown",0,"sex",NA,1,NA,NA,NA,NA,"COVID19VaccDosesAdministered","2021-03-16_11-15-36","detailed",0,0
202109,"SO","unknown",0,"sex",NA,1,NA,NA,NA,NA,"COVID19VaccDosesAdministered","2021-03-16_11-15-36","detailed",0,0
202110,"SO","unknown",0,"sex",NA,1,NA,NA,NA,NA,"COVID19VaccDosesAdministered","2021-03-16_11-15-36","detailed",0,0
202052,"UR","male",0,"sex",18739,0,0,NA,0,NA,"COVID19VaccDosesAdministered","2021-03-16_11-15-36","detailed",NA,NA
202053,"UR","male",0,"sex",18739,0,0,NA,0,NA,"COVID19VaccDosesAdministered","2021-03-16_11-15-36","detailed",NA,NA
202101,"UR","male",143,"sex",18739,143,0.76,NA,0.76,NA,"COVID19VaccDosesAdministered","2021-03-16_11-15-36","detailed",0.392,39.2
202102,"UR","male",187,"sex",18739,330,1,1,1.76,187.57,"COVID19VaccDosesAdministered","2021-03-16_11-15-36","detailed",0.437,43.7
202103,"UR","male",236,"sex",18739,566,1.26,1.21,3.02,227,"COVID19VaccDosesAdministered","2021-03-16_11-15-36","detailed",0.52,52
202104,"UR","male",423,"sex",18739,989,2.26,1.44,5.28,270.43,"COVID19VaccDosesAdministered","2021-03-16_11-15-36","detailed",0.448,44.8
202105,"UR","male",324,"sex",18739,1313,1.73,1.49,7.01,278.57,"COVID19VaccDosesAdministered","2021-03-16_11-15-36","detailed",0.455,45.5
202106,"UR","male",276,"sex",18739,1589,1.47,1.63,8.48,306,"COVID19VaccDosesAdministered","2021-03-16_11-15-36","detailed",0.483,48.3
202107,"UR","male",304,"sex",18739,1893,1.62,1.74,10.1,326.14,"COVID19VaccDosesAdministered","2021-03-16_11-15-36","detailed",0.505,50.5
202108,"UR","male",200,"sex",18739,2093,1.07,NA,11.17,NA,"COVID19VaccDosesAdministered","2021-03-16_11-15-36","detailed",0.427,42.7
202109,"UR","male",379,"sex",18739,2472,2.02,NA,13.19,NA,"COVID19VaccDosesAdministered","2021-03-16_11-15-36","detailed",0.471,47.1
202110,"UR","male",377,"sex",18739,2849,2.01,NA,15.2,NA,"COVID19VaccDosesAdministered","2021-03-16_11-15-36","detailed",0.467,46.7
202052,"UR","female",0,"sex",17964,0,0,NA,0,NA,"COVID19VaccDosesAdministered","2021-03-16_11-15-36","detailed",NA,NA
202053,"UR","female",0,"sex",17964,0,0,NA,0,NA,"COVID19VaccDosesAdministered","2021-03-16_11-15-36","detailed",NA,NA
202101,"UR","female",222,"sex",17964,222,1.24,NA,1.24,NA,"COVID19VaccDosesAdministered","2021-03-16_11-15-36","detailed",0.608,60.8
202102,"UR","female",241,"sex",17964,463,1.34,1.26,2.58,227.14,"COVID19VaccDosesAdministered","2021-03-16_11-15-36","detailed",0.563,56.3
202103,"UR","female",218,"sex",17964,681,1.21,1.5,3.79,269.43,"COVID19VaccDosesAdministered","2021-03-16_11-15-36","detailed",0.48,48
202104,"UR","female",521,"sex",17964,1202,2.9,1.74,6.69,312,"COVID19VaccDosesAdministered","2021-03-16_11-15-36","detailed",0.552,55.2
202105,"UR","female",388,"sex",17964,1590,2.16,1.77,8.85,318.57,"COVID19VaccDosesAdministered","2021-03-16_11-15-36","detailed",0.545,54.5
202106,"UR","female",296,"sex",17964,1886,1.65,1.92,10.5,344.86,"COVID19VaccDosesAdministered","2021-03-16_11-15-36","detailed",0.517,51.7
202107,"UR","female",298,"sex",17964,2184,1.66,2.09,12.16,375.14,"COVID19VaccDosesAdministered","2021-03-16_11-15-36","detailed",0.495,49.5
202108,"UR","female",268,"sex",17964,2452,1.49,NA,13.65,NA,"COVID19VaccDosesAdministered","2021-03-16_11-15-36","detailed",0.573,57.3
202109,"UR","female",425,"sex",17964,2877,2.37,NA,16.02,NA,"COVID19VaccDosesAdministered","2021-03-16_11-15-36","detailed",0.529,52.9
202110,"UR","female",430,"sex",17964,3307,2.39,NA,18.41,NA,"COVID19VaccDosesAdministered","2021-03-16_11-15-36","detailed",0.533,53.3
202052,"UR","unknown",0,"sex",NA,0,NA,NA,NA,NA,"COVID19VaccDosesAdministered","2021-03-16_11-15-36","detailed",NA,NA
202053,"UR","unknown",0,"sex",NA,0,NA,NA,NA,NA,"COVID19VaccDosesAdministered","2021-03-16_11-15-36","detailed",NA,NA
202101,"UR","unknown",0,"sex",NA,0,NA,NA,NA,NA,"COVID19VaccDosesAdministered","2021-03-16_11-15-36","detailed",0,0
202102,"UR","unknown",0,"sex",NA,0,NA,NA,NA,0,"COVID19VaccDosesAdministered","2021-03-16_11-15-36","detailed",0,0
202103,"UR","unknown",0,"sex",NA,0,NA,NA,NA,0,"COVID19VaccDosesAdministered","2021-03-16_11-15-36","detailed",0,0
202104,"UR","unknown",0,"sex",NA,0,NA,NA,NA,0,"COVID19VaccDosesAdministered","2021-03-16_11-15-36","detailed",0,0
202105,"UR","unknown",0,"sex",NA,0,NA,NA,NA,0,"COVID19VaccDosesAdministered","2021-03-16_11-15-36","detailed",0,0
202106,"UR","unknown",0,"sex",NA,0,NA,NA,NA,0,"COVID19VaccDosesAdministered","2021-03-16_11-15-36","detailed",0,0
202107,"UR","unknown",0,"sex",NA,0,NA,NA,NA,0,"COVID19VaccDosesAdministered","2021-03-16_11-15-36","detailed",0,0
202108,"UR","unknown",0,"sex",NA,0,NA,NA,NA,NA,"COVID19VaccDosesAdministered","2021-03-16_11-15-36","detailed",0,0
202109,"UR","unknown",0,"sex",NA,0,NA,NA,NA,NA,"COVID19VaccDosesAdministered","2021-03-16_11-15-36","detailed",0,0
202110,"UR","unknown",0,"sex",NA,0,NA,NA,NA,NA,"COVID19VaccDosesAdministered","2021-03-16_11-15-36","detailed",0,0
202052,"VD","male",0,"sex",395189,0,0,NA,0,NA,"COVID19VaccDosesAdministered","2021-03-16_11-15-36","detailed",NA,NA
202053,"VD","male",33,"sex",395189,33,0.01,NA,0.01,NA,"COVID19VaccDosesAdministered","2021-03-16_11-15-36","detailed",0.34,34
202101,"VD","male",119,"sex",395189,152,0.03,NA,0.04,NA,"COVID19VaccDosesAdministered","2021-03-16_11-15-36","detailed",0.43,43
202102,"VD","male",2536,"sex",395189,2688,0.64,0.64,0.68,2531.57,"COVID19VaccDosesAdministered","2021-03-16_11-15-36","detailed",0.472,47.2
202103,"VD","male",4247,"sex",395189,6935,1.07,0.88,1.75,3491.43,"COVID19VaccDosesAdministered","2021-03-16_11-15-36","detailed",0.418,41.8
202104,"VD","male",5407,"sex",395189,12342,1.37,1.09,3.12,4326.57,"COVID19VaccDosesAdministered","2021-03-16_11-15-36","detailed",0.448,44.8
202105,"VD","male",5379,"sex",395189,17721,1.36,1.28,4.48,5066.14,"COVID19VaccDosesAdministered","2021-03-16_11-15-36","detailed",0.453,45.3
202106,"VD","male",6719,"sex",395189,24440,1.7,1.37,6.18,5413.14,"COVID19VaccDosesAdministered","2021-03-16_11-15-36","detailed",0.435,43.5
202107,"VD","male",5879,"sex",395189,30319,1.49,1.38,7.67,5453.71,"COVID19VaccDosesAdministered","2021-03-16_11-15-36","detailed",0.457,45.7
202108,"VD","male",5296,"sex",395189,35615,1.34,NA,9.01,NA,"COVID19VaccDosesAdministered","2021-03-16_11-15-36","detailed",0.441,44.1
202109,"VD","male",4965,"sex",395189,40580,1.26,NA,10.27,NA,"COVID19VaccDosesAdministered","2021-03-16_11-15-36","detailed",0.434,43.4
202110,"VD","male",4531,"sex",395189,45111,1.15,NA,11.42,NA,"COVID19VaccDosesAdministered","2021-03-16_11-15-36","detailed",0.428,42.8
202052,"VD","female",0,"sex",409909,0,0,NA,0,NA,"COVID19VaccDosesAdministered","2021-03-16_11-15-36","detailed",NA,NA
202053,"VD","female",64,"sex",409909,64,0.02,NA,0.02,NA,"COVID19VaccDosesAdministered","2021-03-16_11-15-36","detailed",0.66,66
202101,"VD","female",158,"sex",409909,222,0.04,NA,0.05,NA,"COVID19VaccDosesAdministered","2021-03-16_11-15-36","detailed",0.57,57
202102,"VD","female",2839,"sex",409909,3061,0.69,0.77,0.75,3162.29,"COVID19VaccDosesAdministered","2021-03-16_11-15-36","detailed",0.528,52.8
202103,"VD","female",5916,"sex",409909,8977,1.44,1.08,2.19,4410.29,"COVID19VaccDosesAdministered","2021-03-16_11-15-36","detailed",0.582,58.2
202104,"VD","female",6655,"sex",409909,15632,1.62,1.32,3.81,5401,"COVID19VaccDosesAdministered","2021-03-16_11-15-36","detailed",0.552,55.2
202105,"VD","female",6504,"sex",409909,22136,1.59,1.55,5.4,6338.57,"COVID19VaccDosesAdministered","2021-03-16_11-15-36","detailed",0.547,54.7
202106,"VD","female",8736,"sex",409909,30872,2.13,1.67,7.53,6858,"COVID19VaccDosesAdministered","2021-03-16_11-15-36","detailed",0.565,56.5
202107,"VD","female",6999,"sex",409909,37871,1.71,1.68,9.24,6878.29,"COVID19VaccDosesAdministered","2021-03-16_11-15-36","detailed",0.543,54.3
202108,"VD","female",6721,"sex",409909,44592,1.64,NA,10.88,NA,"COVID19VaccDosesAdministered","2021-03-16_11-15-36","detailed",0.559,55.9
202109,"VD","female",6475,"sex",409909,51067,1.58,NA,12.46,NA,"COVID19VaccDosesAdministered","2021-03-16_11-15-36","detailed",0.566,56.6
202110,"VD","female",6058,"sex",409909,57125,1.48,NA,13.94,NA,"COVID19VaccDosesAdministered","2021-03-16_11-15-36","detailed",0.572,57.2
202052,"VD","unknown",0,"sex",NA,0,NA,NA,NA,NA,"COVID19VaccDosesAdministered","2021-03-16_11-15-36","detailed",NA,NA
202053,"VD","unknown",0,"sex",NA,0,NA,NA,NA,NA,"COVID19VaccDosesAdministered","2021-03-16_11-15-36","detailed",0,0
202101,"VD","unknown",0,"sex",NA,0,NA,NA,NA,NA,"COVID19VaccDosesAdministered","2021-03-16_11-15-36","detailed",0,0
202102,"VD","unknown",0,"sex",NA,0,NA,NA,NA,0,"COVID19VaccDosesAdministered","2021-03-16_11-15-36","detailed",0,0
202103,"VD","unknown",0,"sex",NA,0,NA,NA,NA,0,"COVID19VaccDosesAdministered","2021-03-16_11-15-36","detailed",0,0
202104,"VD","unknown",0,"sex",NA,0,NA,NA,NA,0,"COVID19VaccDosesAdministered","2021-03-16_11-15-36","detailed",0,0
202105,"VD","unknown",0,"sex",NA,0,NA,NA,NA,0,"COVID19VaccDosesAdministered","2021-03-16_11-15-36","detailed",0,0
202106,"VD","unknown",0,"sex",NA,0,NA,NA,NA,0,"COVID19VaccDosesAdministered","2021-03-16_11-15-36","detailed",0,0
202107,"VD","unknown",0,"sex",NA,0,NA,NA,NA,0,"COVID19VaccDosesAdministered","2021-03-16_11-15-36","detailed",0,0
202108,"VD","unknown",0,"sex",NA,0,NA,NA,NA,NA,"COVID19VaccDosesAdministered","2021-03-16_11-15-36","detailed",0,0
202109,"VD","unknown",0,"sex",NA,0,NA,NA,NA,NA,"COVID19VaccDosesAdministered","2021-03-16_11-15-36","detailed",0,0
202110,"VD","unknown",0,"sex",NA,0,NA,NA,NA,NA,"COVID19VaccDosesAdministered","2021-03-16_11-15-36","detailed",0,0
202052,"ZG","male",111,"sex",64594,111,0.17,NA,0.17,NA,"COVID19VaccDosesAdministered","2021-03-16_11-15-36","detailed",0.464,46.4
202053,"ZG","male",38,"sex",64594,149,0.06,NA,0.23,NA,"COVID19VaccDosesAdministered","2021-03-16_11-15-36","detailed",0.319,31.9
202101,"ZG","male",113,"sex",64594,262,0.17,NA,0.41,NA,"COVID19VaccDosesAdministered","2021-03-16_11-15-36","detailed",0.366,36.6
202102,"ZG","male",713,"sex",64594,975,1.1,0.83,1.51,534,"COVID19VaccDosesAdministered","2021-03-16_11-15-36","detailed",0.486,48.6
202103,"ZG","male",1993,"sex",64594,2968,3.09,0.94,4.59,607.71,"COVID19VaccDosesAdministered","2021-03-16_11-15-36","detailed",0.441,44.1
202104,"ZG","male",351,"sex",64594,3319,0.54,1.35,5.14,873.29,"COVID19VaccDosesAdministered","2021-03-16_11-15-36","detailed",0.486,48.6
202105,"ZG","male",419,"sex",64594,3738,0.65,1.51,5.79,975.86,"COVID19VaccDosesAdministered","2021-03-16_11-15-36","detailed",0.448,44.8
202106,"ZG","male",627,"sex",64594,4365,0.97,1.55,6.76,1002.14,"COVID19VaccDosesAdministered","2021-03-16_11-15-36","detailed",0.495,49.5
202107,"ZG","male",1897,"sex",64594,6262,2.94,1.18,9.69,761.14,"COVID19VaccDosesAdministered","2021-03-16_11-15-36","detailed",0.45,45
202108,"ZG","male",831,"sex",64594,7093,1.29,NA,10.98,NA,"COVID19VaccDosesAdministered","2021-03-16_11-15-36","detailed",0.448,44.8
202109,"ZG","male",897,"sex",64594,7990,1.39,NA,12.37,NA,"COVID19VaccDosesAdministered","2021-03-16_11-15-36","detailed",0.494,49.4
202110,"ZG","male",306,"sex",64594,8296,0.47,NA,12.84,NA,"COVID19VaccDosesAdministered","2021-03-16_11-15-36","detailed",0.445,44.5
202052,"ZG","female",128,"sex",63048,128,0.2,NA,0.2,NA,"COVID19VaccDosesAdministered","2021-03-16_11-15-36","detailed",0.536,53.6
202053,"ZG","female",81,"sex",63048,209,0.13,NA,0.33,NA,"COVID19VaccDosesAdministered","2021-03-16_11-15-36","detailed",0.681,68.1
202101,"ZG","female",194,"sex",63048,403,0.31,NA,0.64,NA,"COVID19VaccDosesAdministered","2021-03-16_11-15-36","detailed",0.628,62.8
202102,"ZG","female",751,"sex",63048,1154,1.19,1.04,1.83,653,"COVID19VaccDosesAdministered","2021-03-16_11-15-36","detailed",0.512,51.2
202103,"ZG","female",2530,"sex",63048,3684,4.01,1.15,5.84,726.14,"COVID19VaccDosesAdministered","2021-03-16_11-15-36","detailed",0.559,55.9
202104,"ZG","female",371,"sex",63048,4055,0.59,1.66,6.43,1045.14,"COVID19VaccDosesAdministered","2021-03-16_11-15-36","detailed",0.514,51.4
202105,"ZG","female",516,"sex",63048,4571,0.82,1.85,7.25,1163.71,"COVID19VaccDosesAdministered","2021-03-16_11-15-36","detailed",0.552,55.2
202106,"ZG","female",640,"sex",63048,5211,1.02,1.88,8.27,1187.71,"COVID19VaccDosesAdministered","2021-03-16_11-15-36","detailed",0.505,50.5
202107,"ZG","female",2314,"sex",63048,7525,3.67,1.4,11.94,880.86,"COVID19VaccDosesAdministered","2021-03-16_11-15-36","detailed",0.55,55
202108,"ZG","female",1024,"sex",63048,8549,1.62,NA,13.56,NA,"COVID19VaccDosesAdministered","2021-03-16_11-15-36","detailed",0.552,55.2
202109,"ZG","female",919,"sex",63048,9468,1.46,NA,15.02,NA,"COVID19VaccDosesAdministered","2021-03-16_11-15-36","detailed",0.506,50.6
202110,"ZG","female",382,"sex",63048,9850,0.61,NA,15.62,NA,"COVID19VaccDosesAdministered","2021-03-16_11-15-36","detailed",0.555,55.5
202052,"ZG","unknown",0,"sex",NA,0,NA,NA,NA,NA,"COVID19VaccDosesAdministered","2021-03-16_11-15-36","detailed",0,0
202053,"ZG","unknown",0,"sex",NA,0,NA,NA,NA,NA,"COVID19VaccDosesAdministered","2021-03-16_11-15-36","detailed",0,0
202101,"ZG","unknown",2,"sex",NA,2,NA,NA,NA,NA,"COVID19VaccDosesAdministered","2021-03-16_11-15-36","detailed",0.006,0.6
202102,"ZG","unknown",3,"sex",NA,5,NA,NA,NA,0.71,"COVID19VaccDosesAdministered","2021-03-16_11-15-36","detailed",0.002,0.2
202103,"ZG","unknown",0,"sex",NA,5,NA,NA,NA,0.71,"COVID19VaccDosesAdministered","2021-03-16_11-15-36","detailed",0,0
202104,"ZG","unknown",0,"sex",NA,5,NA,NA,NA,0.71,"COVID19VaccDosesAdministered","2021-03-16_11-15-36","detailed",0,0
202105,"ZG","unknown",0,"sex",NA,5,NA,NA,NA,0.43,"COVID19VaccDosesAdministered","2021-03-16_11-15-36","detailed",0,0
202106,"ZG","unknown",0,"sex",NA,5,NA,NA,NA,0,"COVID19VaccDosesAdministered","2021-03-16_11-15-36","detailed",0,0
202107,"ZG","unknown",0,"sex",NA,5,NA,NA,NA,0,"COVID19VaccDosesAdministered","2021-03-16_11-15-36","detailed",0,0
202108,"ZG","unknown",0,"sex",NA,5,NA,NA,NA,NA,"COVID19VaccDosesAdministered","2021-03-16_11-15-36","detailed",0,0
202109,"ZG","unknown",0,"sex",NA,5,NA,NA,NA,NA,"COVID19VaccDosesAdministered","2021-03-16_11-15-36","detailed",0,0
202110,"ZG","unknown",0,"sex",NA,5,NA,NA,NA,NA,"COVID19VaccDosesAdministered","2021-03-16_11-15-36","detailed",0,0